{"cameraMode":{"drawMode":0,"name":"Shaded","section":"Shading Mode"},"sceneLighting":true,"audioPlay":false,"sceneViewState":{"showFog":true,"showMaterialUpdate":true,"showSkybox":true,"showFlares":true,"showImageEffects":true,"showParticleSystems":true,"showVisualEffectGraphs":true,"m_FxEnabled":true},"in2DMode":false,"pivot":{"x":-0.2761988341808319,"y":-0.3358301818370819,"z":0.9966535568237305},"rotation":{"x":0.08030536025762558,"y":-0.869209349155426,"z":0.15037544071674348,"w":0.4641580283641815},"size":0.27508217096328738,"orthographic":false}