{"cameraMode":{"drawMode":0,"name":"Shaded","section":"Shading Mode"},"sceneLighting":false,"audioPlay":false,"sceneViewState":{"showFog":true,"showMaterialUpdate":true,"showSkybox":false,"showFlares":true,"showImageEffects":true,"showParticleSystems":true,"showVisualEffectGraphs":true,"m_FxEnabled":true},"in2DMode":false,"pivot":{"x":-1.0119400024414063,"y":-0.032753586769104007,"z":-0.493876576423645},"rotation":{"x":0.026153825223445894,"y":-0.9128907322883606,"z":0.05924908444285393,"w":0.40307435393333437},"size":1.1438360214233399,"orthographic":false}